"Question ID","Question","Location","Status","Original URL","Issue or screenshot request","Required action"
"Q-001","What is the Dashboard?","Dashboard","IMAGE CHECK NEEDED","https://printernoble.com/chatbot/uploads/1788406865_WERP_Q-01.png","","Not fetched or visually verified; host unavailable. Confirm correct page, action, label, and eligible status before use."
"Q-009","What are the main ERP sections shown in the sidebar?","Dashboard","IMAGE CHECK NEEDED","https://printernoble.com/chatbot/uploads/1788406866_WERP_Q-09.png","","Not fetched or visually verified; host unavailable. Confirm correct page, action, label, and eligible status before use."
"Q-016","How do I hide the sidebar?","Dashboard","IMAGE CHECK NEEDED","https://printernoble.com/chatbot/uploads/1788406867_WERP_Q-16.png","","Not fetched or visually verified; host unavailable. Confirm correct page, action, label, and eligible status before use."
"Q-017","What is the Overview section?","Dashboard","IMAGE CHECK NEEDED","https://printernoble.com/chatbot/uploads/1788406868_WERP_Q-17.png","","Not fetched or visually verified; host unavailable. Confirm correct page, action, label, and eligible status before use."
"Q-018","What does Total Platform Products mean?","Dashboard","IMAGE CHECK NEEDED","https://printernoble.com/chatbot/uploads/1788406869_WERP_Q-18.png","","Not fetched or visually verified; host unavailable. Confirm correct page, action, label, and eligible status before use."
"Q-020","What does Today's Orders mean?","Dashboard","IMAGE CHECK NEEDED","https://printernoble.com/chatbot/uploads/1788406870_WERP_Q-20.png","","Not fetched or visually verified; host unavailable. Confirm correct page, action, label, and eligible status before use."
"Q-023","What does Low Stock mean?","Dashboard","IMAGE CHECK NEEDED","https://printernoble.com/chatbot/uploads/1788406871_WERP_Q-23.png","","Not fetched or visually verified; host unavailable. Confirm correct page, action, label, and eligible status before use."
"Q-026","What does Out of Stock mean?","Dashboard","IMAGE CHECK NEEDED","https://printernoble.com/chatbot/uploads/1788406872_WERP_Q-26.png","","Not fetched or visually verified; host unavailable. Confirm correct page, action, label, and eligible status before use."
"Q-031","What is the Inventory Status chart?","Dashboard","IMAGE CHECK NEEDED","https://printernoble.com/chatbot/uploads/1788406873_WERP_Q-31.png","","Not fetched or visually verified; host unavailable. Confirm correct page, action, label, and eligible status before use."
"Q-033","What does Stock-Out mean?","Dashboard","IMAGE CHECK NEEDED","https://printernoble.com/chatbot/uploads/1788406874_WERP_Q-33.png","","Not fetched or visually verified; host unavailable. Confirm correct page, action, label, and eligible status before use."
"Q-034","How do I change the Inventory Status period?","Dashboard","IMAGE CHECK NEEDED","https://printernoble.com/chatbot/uploads/1788406875_WERP_Q-34.png","","Not fetched or visually verified; host unavailable. Confirm correct page, action, label, and eligible status before use."
"Q-040","What is the Order Status section?","Dashboard","IMAGE CHECK NEEDED","https://printernoble.com/chatbot/uploads/1788406876_WERP_Q-40.png","","Not fetched or visually verified; host unavailable. Confirm correct page, action, label, and eligible status before use."
"Q-041","What does Total mean in Order Status?","Dashboard","IMAGE CHECK NEEDED","https://printernoble.com/chatbot/uploads/1788406877_WERP_Q-41.png","","Not fetched or visually verified; host unavailable. Confirm correct page, action, label, and eligible status before use."
"Q-048","Does changing the date range modify orders?","Dashboard","IMAGE CHECK NEEDED","https://printernoble.com/chatbot/uploads/1788406878_WERP_Q-48.png","","Not fetched or visually verified; host unavailable. Confirm correct page, action, label, and eligible status before use."
"Q-053","What is the Sales Trends chart?","Dashboard","IMAGE CHECK NEEDED","https://printernoble.com/chatbot/uploads/1788406879_WERP_Q-53.png","","Not fetched or visually verified; host unavailable. Confirm correct page, action, label, and eligible status before use."
"Q-055","How do I change the sales period?","Dashboard","IMAGE CHECK NEEDED","https://printernoble.com/chatbot/uploads/1788406880_WERP_Q-55.png","","Not fetched or visually verified; host unavailable. Confirm correct page, action, label, and eligible status before use."
"Q-058","Why does the platform selector only show All?","Dashboard","IMAGE CHECK NEEDED","https://printernoble.com/chatbot/uploads/1788406881_WERP_Q-58.png","","Not fetched or visually verified; host unavailable. Confirm correct page, action, label, and eligible status before use."
"Q-059","Does Sales Trends show revenue or order quantity?","Dashboard","IMAGE CHECK NEEDED","https://printernoble.com/chatbot/uploads/1788406882_WERP_Q-59.png","","Not fetched or visually verified; host unavailable. Confirm correct page, action, label, and eligible status before use."
"Q-063","What is Store Plans?","Sidebar > Store Plans","IMAGE CHECK NEEDED","https://printernoble.com/chatbot/uploads/1788406883_WERP_Q-63.png","","Not fetched or visually verified; host unavailable. Confirm correct page, action, label, and eligible status before use."
"Q-067","What does Upgrade Plan do?","Sidebar > Store Plans","IMAGE CHECK NEEDED","https://printernoble.com/chatbot/uploads/1788406884_WERP_Q-67.png","","Not fetched or visually verified; host unavailable. Confirm correct page, action, label, and eligible status before use."
"Q-071","How do I change the ERP language?","Top bar > Select language","IMAGE CHECK NEEDED","https://printernoble.com/chatbot/uploads/1788407017_WERP_Q-71.png","","Not fetched or visually verified; host unavailable. Confirm correct page, action, label, and eligible status before use."
"Q-074","What is the user button in the upper-right corner?","Top bar and account menu","IMAGE CHECK NEEDED","https://printernoble.com/chatbot/uploads/1788407018_WERP_Q-74.png","","Not fetched or visually verified; host unavailable. Confirm correct page, action, label, and eligible status before use."
"Q-087","What is Product Management?","Product Management > Product List","IMAGE CHECK NEEDED","https://printernoble.com/chatbot/uploads/1788407019_WERP_Q-87.png","","Not fetched or visually verified; host unavailable. Confirm correct page, action, label, and eligible status before use."
"Q-091","Which Product Management actions can change data?","Product Management > Product List","IMAGE CHECK NEEDED","https://printernoble.com/chatbot/uploads/1788407020_WERP_Q-91.png","","Not fetched or visually verified; host unavailable. Confirm correct page, action, label, and eligible status before use."
"Q-094","What information appears in the Product List?","Product Management > Product List","IMAGE CHECK NEEDED","https://printernoble.com/chatbot/uploads/1788407021_WERP_Q-94.png","","Not fetched or visually verified; host unavailable. Confirm correct page, action, label, and eligible status before use."
"Q-096","Is a SKU the same as a product name?","Product Management > Product List","IMAGE CHECK NEEDED","https://printernoble.com/chatbot/uploads/1788407022_WERP_Q-96.png","","Not fetched or visually verified; host unavailable. Confirm correct page, action, label, and eligible status before use."
"Q-103","Why does the warehouse selector show a placeholder?","Product Management > Product List","IMAGE CHECK NEEDED","https://printernoble.com/chatbot/uploads/1788407023_WERP_Q-103.png","","Not fetched or visually verified; host unavailable. Confirm correct page, action, label, and eligible status before use."
"Q-107","What is the general Search field?","Product Management > Product List","IMAGE CHECK NEEDED","https://printernoble.com/chatbot/uploads/1788407024_WERP_Q-107.png","","Not fetched or visually verified; host unavailable. Confirm correct page, action, label, and eligible status before use."
"Q-109","Why does no product appear after I apply filters?","Product Management > Product List","IMAGE CHECK NEEDED","https://printernoble.com/chatbot/uploads/1788407025_WERP_Q-109.png","","Not fetched or visually verified; host unavailable. Confirm correct page, action, label, and eligible status before use."
"Q-112","What does the Image column show in Product List?","Product Management > Product List","IMAGE CHECK NEEDED","https://printernoble.com/chatbot/uploads/1788407026_WERP_Q-112.png","","Not fetched or visually verified; host unavailable. Confirm correct page, action, label, and eligible status before use."
"Q-114","Where can I add a product image?","Product Management > Product List","IMAGE CHECK NEEDED","https://printernoble.com/chatbot/uploads/1788407027_WERP_Q-114.png","","Not fetched or visually verified; host unavailable. Confirm correct page, action, label, and eligible status before use."
"Q-119","Is in-transit inventory available for immediate sale?","Product Management > Product List","IMAGE CHECK NEEDED","https://printernoble.com/chatbot/uploads/1788407028_WERP_Q-119.png","","Not fetched or visually verified; host unavailable. Confirm correct page, action, label, and eligible status before use."
"Q-134","Does clicking Add Products immediately create a product?","Product Management > Product List","IMAGE CHECK NEEDED","https://printernoble.com/chatbot/uploads/1788407029_WERP_Q-134.png","","Not fetched or visually verified; host unavailable. Confirm correct page, action, label, and eligible status before use."
"Q-137","What does Details show in Product List?","Product Management > Product List","IMAGE CHECK NEEDED","https://printernoble.com/chatbot/uploads/1788407030_WERP_Q-137.png","","Not fetched or visually verified; host unavailable. Confirm correct page, action, label, and eligible status before use."
"Q-144","What does Products per page mean?","Product Management > Product List","IMAGE CHECK NEEDED","https://printernoble.com/chatbot/uploads/1788407031_WERP_Q-144.png","","Not fetched or visually verified; host unavailable. Confirm correct page, action, label, and eligible status before use."
"Q-151","What information appears in the Combine SKU table?","Product Management > Combine SKU","IMAGE CHECK NEEDED","https://printernoble.com/chatbot/uploads/1788407032_WERP_Q-151.png","","Not fetched or visually verified; host unavailable. Confirm correct page, action, label, and eligible status before use."
"Q-152","What does Add Combine SKU do?","Product Management > Combine SKU","IMAGE CHECK NEEDED","https://printernoble.com/chatbot/uploads/1788407033_WERP_Q-152.png","","Not fetched or visually verified; host unavailable. Confirm correct page, action, label, and eligible status before use."
"Q-167","What does Details do for a Combine SKU?","Product Management > Combine SKU","IMAGE CHECK NEEDED","https://printernoble.com/chatbot/uploads/1788407034_WERP_Q-167.png","","Not fetched or visually verified; host unavailable. Confirm correct page, action, label, and eligible status before use."
"Q-169","What does Delete do for a Combine SKU?","Product Management > Combine SKU","IMAGE CHECK NEEDED","https://printernoble.com/chatbot/uploads/1788407035_WERP_Q-169.png","","Not fetched or visually verified; host unavailable. Confirm correct page, action, label, and eligible status before use."
"Q-171","How do I search for a Combine SKU?","Product Management > Combine SKU","IMAGE CHECK NEEDED","https://printernoble.com/chatbot/uploads/1788407036_WERP_Q-171.png","","Not fetched or visually verified; host unavailable. Confirm correct page, action, label, and eligible status before use."
"Q-172","What do Export and Print do on the Combine SKU page?","Product Management > Combine SKU","IMAGE CHECK NEEDED","https://printernoble.com/chatbot/uploads/1788407298_WERP_Q-172.png","","Not fetched or visually verified; host unavailable. Confirm correct page, action, label, and eligible status before use."
"Q-181","What should a read-only product user be allowed to do?","Product Management","IMAGE CHECK NEEDED","https://printernoble.com/chatbot/uploads/1788407299_WERP_Q-181.png","","Not fetched or visually verified; host unavailable. Confirm correct page, action, label, and eligible status before use."
"Q-183","What is the overall purpose of Inventory Management?","Inventory Management","IMAGE CHECK NEEDED","https://printernoble.com/chatbot/uploads/1788407300_WERP_Q-183.png","","Not fetched or visually verified; host unavailable. Confirm correct page, action, label, and eligible status before use."
"Q-184","What is the recommended inventory workflow?","Inventory Management","IMAGE CHECK NEEDED","https://printernoble.com/chatbot/uploads/1788407301_WERP_Q-184.png","","Not fetched or visually verified; host unavailable. Confirm correct page, action, label, and eligible status before use."
"Q-187","What information appears in the Merchant SKU table?","Inventory Management > Merchant SKU","IMAGE CHECK NEEDED","https://printernoble.com/chatbot/uploads/1788407302_WERP_Q-187.png","","Not fetched or visually verified; host unavailable. Confirm correct page, action, label, and eligible status before use."
"Q-189","How do I search for a Merchant SKU?","Inventory Management > Merchant SKU","IMAGE CHECK NEEDED","https://printernoble.com/chatbot/uploads/1788407303_WERP_Q-189.png","","Not fetched or visually verified; host unavailable. Confirm correct page, action, label, and eligible status before use."
"Q-192","Where can I add an image for a Merchant SKU?","Inventory Management > Merchant SKU","IMAGE CHECK NEEDED","https://printernoble.com/chatbot/uploads/1788407304_WERP_Q-192.png","","Not fetched or visually verified; host unavailable. Confirm correct page, action, label, and eligible status before use."
"Q-198","What is SKU Mapping by Product?","Inventory Management > SKU Mapping > By Product","IMAGE CHECK NEEDED","https://printernoble.com/chatbot/uploads/1788407305_WERP_Q-198.png","","Not fetched or visually verified; host unavailable. Confirm correct page, action, label, and eligible status before use."
"Q-200","What information appears in the mapping table?","Inventory Management > SKU Mapping > By Product","IMAGE CHECK NEEDED","https://printernoble.com/chatbot/uploads/1788407306_WERP_Q-200.png","","Not fetched or visually verified; host unavailable. Confirm correct page, action, label, and eligible status before use."
"Q-201","What does the platform filter do in SKU Mapping > By Product?","Inventory Management > SKU Mapping > By Product","IMAGE CHECK NEEDED","https://printernoble.com/chatbot/uploads/1788407307_WERP_Q-201.png","","Not fetched or visually verified; host unavailable. Confirm correct page, action, label, and eligible status before use."
"Q-206","What does Mapped show?","Inventory Management > SKU Mapping > By Product","IMAGE CHECK NEEDED","https://printernoble.com/chatbot/uploads/1788407308_WERP_Q-206.png","","Not fetched or visually verified; host unavailable. Confirm correct page, action, label, and eligible status before use."
"Q-207","What does ""Show child SKUs"" mean?","Inventory Management > SKU Mapping > By Product","IMAGE CHECK NEEDED","https://printernoble.com/chatbot/uploads/1788407309_WERP_Q-207.png","","Not fetched or visually verified; host unavailable. Confirm correct page, action, label, and eligible status before use."
"Q-209","What does Generate Merchant SKU do?","Inventory Management > SKU Mapping > By Product","IMAGE CHECK NEEDED","https://printernoble.com/chatbot/uploads/1788407310_WERP_Q-209.png","","Not fetched or visually verified; host unavailable. Confirm correct page, action, label, and eligible status before use."
"Q-212","What is SKU Mapping by Merchant SKU?","Inventory Management > SKU Mapping > By Merchant","IMAGE CHECK NEEDED","https://printernoble.com/chatbot/uploads/1788407311_WERP_Q-212.png","","Not fetched or visually verified; host unavailable. Confirm correct page, action, label, and eligible status before use."
"Q-215","What does Status mean in SKU Mapping > By Merchant?","Inventory Management > SKU Mapping > By Merchant","IMAGE CHECK NEEDED","https://printernoble.com/chatbot/uploads/1788407312_WERP_Q-215.png","","Not fetched or visually verified; host unavailable. Confirm correct page, action, label, and eligible status before use."
"Q-217","What does ""View/change mapped platform SKU list"" do?","Inventory Management > SKU Mapping > By Merchant","IMAGE CHECK NEEDED","https://printernoble.com/chatbot/uploads/1788407313_WERP_Q-217.png","","Not fetched or visually verified; host unavailable. Confirm correct page, action, label, and eligible status before use."
"Q-227","What does Stock Alert mean?","Inventory Management > Inventory List","IMAGE CHECK NEEDED","https://printernoble.com/chatbot/uploads/1788407314_WERP_Q-227.png","","Not fetched or visually verified; host unavailable. Confirm correct page, action, label, and eligible status before use."
"Q-231","What do All, Unmapped, and Mapped mean?","Inventory Management > Inventory List","IMAGE CHECK NEEDED","https://printernoble.com/chatbot/uploads/1788407315_WERP_Q-231.png","","Not fetched or visually verified; host unavailable. Confirm correct page, action, label, and eligible status before use."
"Q-232","What does Sync Stock do?","Inventory Management > Inventory List","IMAGE CHECK NEEDED","https://printernoble.com/chatbot/uploads/1788407316_WERP_Q-232.png","","Not fetched or visually verified; host unavailable. Confirm correct page, action, label, and eligible status before use."
"Q-235","What should I check if an inventory quantity appears incorrect?","Inventory Management > Inventory List","IMAGE CHECK NEEDED","https://printernoble.com/chatbot/uploads/1788407317_WERP_Q-235.png","","Not fetched or visually verified; host unavailable. Confirm correct page, action, label, and eligible status before use."
"Q-237","What information appears in the Manual Inbound table?","Inventory Management > Manual inbound","IMAGE CHECK NEEDED","https://printernoble.com/chatbot/uploads/1788407372_WERP_Q-237.png","","Not fetched or visually verified; host unavailable. Confirm correct page, action, label, and eligible status before use."
"Q-242","How can I find a Manual Inbound record?","Inventory Management > Manual inbound","IMAGE CHECK NEEDED","https://printernoble.com/chatbot/uploads/1788407373_WERP_Q-242.png","","Not fetched or visually verified; host unavailable. Confirm correct page, action, label, and eligible status before use."
"Q-244","What are the inbound stages?","Inventory Management > Inbound","IMAGE CHECK NEEDED","https://printernoble.com/chatbot/uploads/1788407374_WERP_Q-244.png","","Not fetched or visually verified; host unavailable. Confirm correct page, action, label, and eligible status before use."
"Q-245","What does Draft mean?","Inventory Management > Inbound","IMAGE CHECK NEEDED","https://printernoble.com/chatbot/uploads/1788407375_WERP_Q-245.png","","Not fetched or visually verified; host unavailable. Confirm correct page, action, label, and eligible status before use."
"Q-250","What information appears in the inbound tables?","Inventory Management > Inbound","IMAGE CHECK NEEDED","https://printernoble.com/chatbot/uploads/1788407376_WERP_Q-250.png","","Not fetched or visually verified; host unavailable. Confirm correct page, action, label, and eligible status before use."
"Q-252","When does inbound stock become available?","Inventory Management > Inbound","IMAGE CHECK NEEDED","https://printernoble.com/chatbot/uploads/1788407377_WERP_Q-252.png","","Not fetched or visually verified; host unavailable. Confirm correct page, action, label, and eligible status before use."
"Q-256","What are the outbound stages?","Inventory Management > Outbound","IMAGE CHECK NEEDED","https://printernoble.com/chatbot/uploads/1788407378_WERP_Q-256.png","","Not fetched or visually verified; host unavailable. Confirm correct page, action, label, and eligible status before use."
"Q-257","What does Outbound Draft mean?","Inventory Management > Outbound","IMAGE CHECK NEEDED","https://printernoble.com/chatbot/uploads/1788407379_WERP_Q-257.png","","Not fetched or visually verified; host unavailable. Confirm correct page, action, label, and eligible status before use."
"Q-258","What does Outbound On The Way mean?","Inventory Management > Outbound","IMAGE CHECK NEEDED","https://printernoble.com/chatbot/uploads/1788407380_WERP_Q-258.png","","Not fetched or visually verified; host unavailable. Confirm correct page, action, label, and eligible status before use."
"Q-259","What does Completed Outbound mean?","Inventory Management > Outbound","IMAGE CHECK NEEDED","https://printernoble.com/chatbot/uploads/1788407381_WERP_Q-259.png","","Not fetched or visually verified; host unavailable. Confirm correct page, action, label, and eligible status before use."
"Q-267","What columns appear in Inventory Log?","Inventory Management > Inventory Log","IMAGE CHECK NEEDED","https://printernoble.com/chatbot/uploads/1788407382_WERP_Q-267.png","","Not fetched or visually verified; host unavailable. Confirm correct page, action, label, and eligible status before use."
"Q-275","How do I search Inventory Log?","Inventory Management > Inventory Log","IMAGE CHECK NEEDED","https://printernoble.com/chatbot/uploads/1788407383_WERP_Q-275.png","","Not fetched or visually verified; host unavailable. Confirm correct page, action, label, and eligible status before use."
"Q-277","Which warehouses can I choose in Inventory Log?","Inventory Management > Inventory Log","IMAGE CHECK NEEDED","https://printernoble.com/chatbot/uploads/1788407384_WERP_Q-277.png","","Not fetched or visually verified; host unavailable. Confirm correct page, action, label, and eligible status before use."
"Q-279","Why do several sales deductions occur close together?","Inventory Management > Inventory Log","IMAGE CHECK NEEDED","https://printernoble.com/chatbot/uploads/1788407385_WERP_Q-279.png","","Not fetched or visually verified; host unavailable. Confirm correct page, action, label, and eligible status before use."
"Q-282","What pages are available under Order Management?","Order Management > Order Processing","IMAGE CHECK NEEDED","https://printernoble.com/chatbot/uploads/1788407386_WERP_Q-282.png","","Not fetched or visually verified; host unavailable. Confirm correct page, action, label, and eligible status before use."
"Q-284","What is the general order-processing workflow?","Order Management > Order Processing","IMAGE CHECK NEEDED","https://printernoble.com/chatbot/uploads/1788407387_WERP_Q-284.png","","Not fetched or visually verified; host unavailable. Confirm correct page, action, label, and eligible status before use."
"Q-285","Does changing an order's status change inventory?","Order Management > Order Processing","IMAGE CHECK NEEDED","https://printernoble.com/chatbot/uploads/1788407388_WERP_Q-285.png","","Not fetched or visually verified; host unavailable. Confirm correct page, action, label, and eligible status before use."
"Q-288","What does the store filter do?","Order Management > Order Processing","IMAGE CHECK NEEDED","https://printernoble.com/chatbot/uploads/1788407389_WERP_Q-288.png","","Not fetched or visually verified; host unavailable. Confirm correct page, action, label, and eligible status before use."
"Q-291","Which fields can be used to search regular orders?","Order Management > Order Processing","IMAGE CHECK NEEDED","https://printernoble.com/chatbot/uploads/1788407390_WERP_Q-291.png","","Not fetched or visually verified; host unavailable. Confirm correct page, action, label, and eligible status before use."
"Q-292","Which search field should I use first?","Order Management > Order Processing","IMAGE CHECK NEEDED","https://printernoble.com/chatbot/uploads/1788407391_WERP_Q-292.png","","Not fetched or visually verified; host unavailable. Confirm correct page, action, label, and eligible status before use."
"Q-293","What does the date filter do?","Order Management > Order Processing","IMAGE CHECK NEEDED","https://printernoble.com/chatbot/uploads/1788407421_WERP_Q-293.png","","Not fetched or visually verified; host unavailable. Confirm correct page, action, label, and eligible status before use."
"Q-297","What do Export and Print do in Order Processing?","Order Management > Order Processing","IMAGE CHECK NEEDED","https://printernoble.com/chatbot/uploads/1788407422_WERP_Q-297.png","","Not fetched or visually verified; host unavailable. Confirm correct page, action, label, and eligible status before use."
"Q-309","Which Actions are available in Order Processing?","Order Management > Order Processing","IMAGE CHECK NEEDED","https://printernoble.com/chatbot/uploads/1788407423_WERP_Q-309.png","","Not fetched or visually verified; host unavailable. Confirm correct page, action, label, and eligible status before use."
"Q-311","Where do I find new orders?","Order Management > Order Processing > New Order","IMAGE CHECK NEEDED","https://printernoble.com/chatbot/uploads/1788407424_WERP_Q-311.png","","Not fetched or visually verified; host unavailable. Confirm correct page, action, label, and eligible status before use."
"Q-313","What does Pack do?","Order Management > Order Processing > New Order","IMAGE CHECK NEEDED","https://printernoble.com/chatbot/uploads/1788407425_WERP_Q-313.png","","Not fetched or visually verified; host unavailable. Confirm correct page, action, label, and eligible status before use."
"Q-322","What does Push do?","Order Management > Order Processing > Processed Order","IMAGE CHECK NEEDED","https://printernoble.com/chatbot/uploads/1788407426_WERP_Q-322.png","","Not fetched or visually verified; host unavailable. Confirm correct page, action, label, and eligible status before use."
"Q-330","What does Move to Shipped do?","Order Management > Order Processing > To Pickup Order","IMAGE CHECK NEEDED","https://printernoble.com/chatbot/uploads/1788407427_WERP_Q-330.png","","Not fetched or visually verified; host unavailable. Confirm correct page, action, label, and eligible status before use."
"Q-332","Can I mark an order shipped before courier pickup?","Order Management > Order Processing > To Pickup Order","IMAGE CHECK NEEDED","https://printernoble.com/chatbot/uploads/1788407428_WERP_Q-332.png","","Not fetched or visually verified; host unavailable. Confirm correct page, action, label, and eligible status before use."
"Q-333","Where can I see shipped orders?","Order Management > Order Processing > Shipped Order","IMAGE CHECK NEEDED","https://printernoble.com/chatbot/uploads/1788407429_WERP_Q-333.png","","Not fetched or visually verified; host unavailable. Confirm correct page, action, label, and eligible status before use."
"Q-340","Can a completed order still be returned?","Order Management > Order Processing > Completed","IMAGE CHECK NEEDED","https://printernoble.com/chatbot/uploads/1788407430_WERP_Q-340.png","","Not fetched or visually verified; host unavailable. Confirm correct page, action, label, and eligible status before use."
"Q-345","What is the Return Orders page?","Order Management > Order Processing > Return Order","IMAGE CHECK NEEDED","https://printernoble.com/chatbot/uploads/1788407431_WERP_Q-345.png","","Not fetched or visually verified; host unavailable. Confirm correct page, action, label, and eligible status before use."
"Q-348","What is Return Status?","Order Management > Order Processing > Return Order","IMAGE CHECK NEEDED","https://printernoble.com/chatbot/uploads/1788407432_WERP_Q-348.png","","Not fetched or visually verified; host unavailable. Confirm correct page, action, label, and eligible status before use."
"Q-355","Where can I see canceled orders and cancellation requests?","Order Management > Order Processing > Canceled Order","IMAGE CHECK NEEDED","https://printernoble.com/chatbot/uploads/1788407433_WERP_Q-355.png","","Not fetched or visually verified; host unavailable. Confirm correct page, action, label, and eligible status before use."
"Q-364","What does Add Manual Order do?","Order Management > Manual Order","IMAGE CHECK NEEDED","https://printernoble.com/chatbot/uploads/1788407434_WERP_Q-364.png","","Not fetched or visually verified; host unavailable. Confirm correct page, action, label, and eligible status before use."
"Q-366","What does Add Gift do?","Order Management > Manual Order","IMAGE CHECK NEEDED","https://printernoble.com/chatbot/uploads/1788407435_WERP_Q-366.png","","Not fetched or visually verified; host unavailable. Confirm correct page, action, label, and eligible status before use."
"Q-367","What does the payment filter do?","Order Management > Manual Order","IMAGE CHECK NEEDED","https://printernoble.com/chatbot/uploads/1788407436_WERP_Q-367.png","","Not fetched or visually verified; host unavailable. Confirm correct page, action, label, and eligible status before use."
"Q-368","What do the Manual Order shipment statuses mean?","Order Management > Manual Order","IMAGE CHECK NEEDED","https://printernoble.com/chatbot/uploads/1788407437_WERP_Q-368.png","","Not fetched or visually verified; host unavailable. Confirm correct page, action, label, and eligible status before use."
"Q-383","How is it different from a regular Manual Order?","Order Management > Platform Manual Order","IMAGE CHECK NEEDED","https://printernoble.com/chatbot/uploads/1788407438_WERP_Q-383.png","","Not fetched or visually verified; host unavailable. Confirm correct page, action, label, and eligible status before use."
"Q-384","What does Create Manual Order by Label do?","Order Management > Platform Manual Order","IMAGE CHECK NEEDED","https://printernoble.com/chatbot/uploads/1788407439_WERP_Q-384.png","","Not fetched or visually verified; host unavailable. Confirm correct page, action, label, and eligible status before use."
"Q-385","Where can I upload the shipping label?","Order Management > Platform Manual Order","IMAGE CHECK NEEDED","https://printernoble.com/chatbot/uploads/1788407440_WERP_Q-385.png","","Not fetched or visually verified; host unavailable. Confirm correct page, action, label, and eligible status before use."
"Q-386","Which search methods are available?","Order Management > Platform Manual Order","IMAGE CHECK NEEDED","https://printernoble.com/chatbot/uploads/1788407475_WERP_Q-386.png","","Not fetched or visually verified; host unavailable. Confirm correct page, action, label, and eligible status before use."
"Q-388","What does Edit status do?","Order Management > Platform Manual Order","IMAGE CHECK NEEDED","https://printernoble.com/chatbot/uploads/1788407476_WERP_Q-388.png","","Not fetched or visually verified; host unavailable. Confirm correct page, action, label, and eligible status before use."
"Q-390","Which Actions are available in Platform Manual Order?","Order Management > Platform Manual Order","IMAGE CHECK NEEDED","https://printernoble.com/chatbot/uploads/1788407477_WERP_Q-390.png","","Not fetched or visually verified; host unavailable. Confirm correct page, action, label, and eligible status before use."
"Q-392","What is Warehouse Management?","Warehouse Management","IMAGE CHECK NEEDED","https://printernoble.com/chatbot/uploads/1788407478_WERP_Q-392.png","","Not fetched or visually verified; host unavailable. Confirm correct page, action, label, and eligible status before use."
"Q-393","How do I open Warehouse Management?","Warehouse Management","IMAGE CHECK NEEDED","https://printernoble.com/chatbot/uploads/1788407479_WERP_Q-393.png","","Not fetched or visually verified; host unavailable. Confirm correct page, action, label, and eligible status before use."
"Q-394","What is the Warehouses List?","Warehouse Management","IMAGE CHECK NEEDED","https://printernoble.com/chatbot/uploads/1788407480_WERP_Q-394.png","","Not fetched or visually verified; host unavailable. Confirm correct page, action, label, and eligible status before use."
"Q-396","Does every warehouse maintain separate inventory?","Warehouse Management","IMAGE CHECK NEEDED","https://printernoble.com/chatbot/uploads/1788407481_WERP_Q-396.png","","Not fetched or visually verified; host unavailable. Confirm correct page, action, label, and eligible status before use."
"Q-398","How do I search for a warehouse?","Warehouse Management","IMAGE CHECK NEEDED","https://printernoble.com/chatbot/uploads/1788407482_WERP_Q-398.png","","Not fetched or visually verified; host unavailable. Confirm correct page, action, label, and eligible status before use."
"Q-399","Can I search using only part of a warehouse name?","Warehouse Management","IMAGE CHECK NEEDED","https://printernoble.com/chatbot/uploads/1788407483_WERP_Q-399.png","","Not fetched or visually verified; host unavailable. Confirm correct page, action, label, and eligible status before use."
"Q-400","Can I search by city or ZIP code?","Warehouse Management","IMAGE CHECK NEEDED","https://printernoble.com/chatbot/uploads/1788407484_WERP_Q-400.png","","Not fetched or visually verified; host unavailable. Confirm correct page, action, label, and eligible status before use."
"Q-403","What does Add New Warehouse do?","Warehouse Management","IMAGE CHECK NEEDED","https://printernoble.com/chatbot/uploads/1788407485_WERP_Q-403.png","","Not fetched or visually verified; host unavailable. Confirm correct page, action, label, and eligible status before use."
"Q-404","What information should I prepare before adding a warehouse?","Warehouse Management","IMAGE CHECK NEEDED","https://printernoble.com/chatbot/uploads/1788407486_WERP_Q-404.png","","Not fetched or visually verified; host unavailable. Confirm correct page, action, label, and eligible status before use."
"Q-405","How should I choose a warehouse name?","Warehouse Management","IMAGE CHECK NEEDED","https://printernoble.com/chatbot/uploads/1788407487_WERP_Q-405.png","","Not fetched or visually verified; host unavailable. Confirm correct page, action, label, and eligible status before use."
"Q-407","What is a warehouse attribute?","Warehouse Management","IMAGE CHECK NEEDED","https://printernoble.com/chatbot/uploads/1788407488_WERP_Q-407.png","","Not fetched or visually verified; host unavailable. Confirm correct page, action, label, and eligible status before use."
"Q-415","What does Warehouse Attribute mean?","Warehouse Management","IMAGE CHECK NEEDED","https://printernoble.com/chatbot/uploads/1788407489_WERP_Q-415.png","","Not fetched or visually verified; host unavailable. Confirm correct page, action, label, and eligible status before use."
"Q-418","What is the difference between Total SKU and total inventory quantity?","Warehouse Management","IMAGE CHECK NEEDED","https://printernoble.com/chatbot/uploads/1788407490_WERP_Q-418.png","","Not fetched or visually verified; host unavailable. Confirm correct page, action, label, and eligible status before use."
"Q-421","What does Set As Default mean?","Warehouse Management","IMAGE CHECK NEEDED","https://printernoble.com/chatbot/uploads/1788407491_WERP_Q-421.png","","Not fetched or visually verified; host unavailable. Confirm correct page, action, label, and eligible status before use."
"Q-430","Can I change a warehouse location after transactions exist?","Warehouse Management","IMAGE CHECK NEEDED","https://printernoble.com/chatbot/uploads/1788407492_WERP_Q-430.png","","Not fetched or visually verified; host unavailable. Confirm correct page, action, label, and eligible status before use."
"Q-444","Why are Previous and Next disabled?","Warehouse Management","IMAGE CHECK NEEDED","https://printernoble.com/chatbot/uploads/1788407493_WERP_Q-444.png","","Not fetched or visually verified; host unavailable. Confirm correct page, action, label, and eligible status before use."
"Q-450","Why does a warehouse address look incomplete?","Warehouse Management","IMAGE CHECK NEEDED","https://printernoble.com/chatbot/uploads/1788407494_WERP_Q-450.png","","Not fetched or visually verified; host unavailable. Confirm correct page, action, label, and eligible status before use."
"Q-453","Which warehouse actions require special care?","Warehouse Management","IMAGE CHECK NEEDED","https://printernoble.com/chatbot/uploads/1788407521_WERP_Q-453.png","","Not fetched or visually verified; host unavailable. Confirm correct page, action, label, and eligible status before use."
"Q-456","How do I open System Configuration?","System Configuration","IMAGE CHECK NEEDED","https://printernoble.com/chatbot/uploads/1788407522_WERP_Q-456.png","","Not fetched or visually verified; host unavailable. Confirm correct page, action, label, and eligible status before use."
"Q-461","What information appears in the Authorized Store List?","System Configuration > Store Authorization","IMAGE CHECK NEEDED","https://printernoble.com/chatbot/uploads/1788407523_WERP_Q-461.png","","Not fetched or visually verified; host unavailable. Confirm correct page, action, label, and eligible status before use."
"Q-471","What is Current Plan?","System Configuration > Store Authorization","IMAGE CHECK NEEDED","https://printernoble.com/chatbot/uploads/1788407524_WERP_Q-471.png","","Not fetched or visually verified; host unavailable. Confirm correct page, action, label, and eligible status before use."
"Q-476","What is Auto Order Accept?","System Configuration > Store Authorization","IMAGE CHECK NEEDED","https://printernoble.com/chatbot/uploads/1788407525_WERP_Q-476.png","","Not fetched or visually verified; host unavailable. Confirm correct page, action, label, and eligible status before use."
"Q-480","What does Auto Process Days mean?","System Configuration > Store Authorization","IMAGE CHECK NEEDED","https://printernoble.com/chatbot/uploads/1788407526_WERP_Q-480.png","","Not fetched or visually verified; host unavailable. Confirm correct page, action, label, and eligible status before use."
"Q-484","What does Add Store do?","System Configuration > Store Authorization","IMAGE CHECK NEEDED","https://printernoble.com/chatbot/uploads/1788407527_WERP_Q-484.png","","Not fetched or visually verified; host unavailable. Confirm correct page, action, label, and eligible status before use."
"Q-491","What does the platform filter do in Store Authorization?","System Configuration > Store Authorization","IMAGE CHECK NEEDED","https://printernoble.com/chatbot/uploads/1788407528_WERP_Q-491.png","","Not fetched or visually verified; host unavailable. Confirm correct page, action, label, and eligible status before use."
"Q-492","What does the authorization-status filter do?","System Configuration > Store Authorization","IMAGE CHECK NEEDED","https://printernoble.com/chatbot/uploads/1788407529_WERP_Q-492.png","","Not fetched or visually verified; host unavailable. Confirm correct page, action, label, and eligible status before use."
"Q-493","How do I find a store?","System Configuration > Store Authorization","IMAGE CHECK NEEDED","https://printernoble.com/chatbot/uploads/1788407530_WERP_Q-493.png","","Not fetched or visually verified; host unavailable. Confirm correct page, action, label, and eligible status before use."
"Q-495","What do Export and Print do in Store Authorization?","System Configuration > Store Authorization","IMAGE CHECK NEEDED","https://printernoble.com/chatbot/uploads/1788407531_WERP_Q-495.png","","Not fetched or visually verified; host unavailable. Confirm correct page, action, label, and eligible status before use."
"Q-500","What is a Sub Account?","System Configuration > Account Management > Sub Account","IMAGE CHECK NEEDED","https://printernoble.com/chatbot/uploads/1788407532_WERP_Q-500.png","","Not fetched or visually verified; host unavailable. Confirm correct page, action, label, and eligible status before use."
"Q-502","What information appears in the Sub Account table?","System Configuration > Account Management > Sub Account","IMAGE CHECK NEEDED","https://printernoble.com/chatbot/uploads/1788407533_WERP_Q-502.png","","Not fetched or visually verified; host unavailable. Confirm correct page, action, label, and eligible status before use."
"Q-504","Where can a Sub Account profile image be added?","System Configuration > Account Management > Sub Account","IMAGE CHECK NEEDED","https://printernoble.com/chatbot/uploads/1788407534_WERP_Q-504.png","","Not fetched or visually verified; host unavailable. Confirm correct page, action, label, and eligible status before use."
"Q-506","What is the Role column?","System Configuration > Account Management > Sub Account","IMAGE CHECK NEEDED","https://printernoble.com/chatbot/uploads/1788407535_WERP_Q-506.png","","Not fetched or visually verified; host unavailable. Confirm correct page, action, label, and eligible status before use."
"Q-508","What does Add Account do?","System Configuration > Account Management > Sub Account","IMAGE CHECK NEEDED","https://printernoble.com/chatbot/uploads/1788407536_WERP_Q-508.png","","Not fetched or visually verified; host unavailable. Confirm correct page, action, label, and eligible status before use."
"Q-509","What should I check before adding a Sub Account?","System Configuration > Account Management > Sub Account","IMAGE CHECK NEEDED","https://printernoble.com/chatbot/uploads/1788407537_WERP_Q-509.png","","Not fetched or visually verified; host unavailable. Confirm correct page, action, label, and eligible status before use."
"Q-514","What does Actions do for a Sub Account?","System Configuration > Account Management > Sub Account","IMAGE CHECK NEEDED","https://printernoble.com/chatbot/uploads/1788407538_WERP_Q-514.png","","Not fetched or visually verified; host unavailable. Confirm correct page, action, label, and eligible status before use."
"Q-522","How does pagination work?","System Configuration > Account Management > Sub Account","IMAGE CHECK NEEDED","https://printernoble.com/chatbot/uploads/1788407539_WERP_Q-522.png","","Not fetched or visually verified; host unavailable. Confirm correct page, action, label, and eligible status before use."
"Q-526","Why use roles instead of assigning permissions separately?","System Configuration > Account Management > Role Management","IMAGE CHECK NEEDED","https://printernoble.com/chatbot/uploads/1788407540_WERP_Q-526.png","","Not fetched or visually verified; host unavailable. Confirm correct page, action, label, and eligible status before use."
"Q-527","What information appears in the Roles List?","System Configuration > Account Management > Role Management","IMAGE CHECK NEEDED","https://printernoble.com/chatbot/uploads/1788407562_WERP_Q-527.png","","Not fetched or visually verified; host unavailable. Confirm correct page, action, label, and eligible status before use."
"Q-534","What does Add Role do?","System Configuration > Account Management > Role Management","IMAGE CHECK NEEDED","https://printernoble.com/chatbot/uploads/1788407563_WERP_Q-534.png","","Not fetched or visually verified; host unavailable. Confirm correct page, action, label, and eligible status before use."
"Q-540","What does Actions do for a role?","System Configuration > Account Management > Role Management","IMAGE CHECK NEEDED","https://printernoble.com/chatbot/uploads/1788407564_WERP_Q-540.png","","Not fetched or visually verified; host unavailable. Confirm correct page, action, label, and eligible status before use."
"Q-541","What happens when I edit a linked role?","System Configuration > Account Management > Role Management","IMAGE CHECK NEEDED","https://printernoble.com/chatbot/uploads/1788407565_WERP_Q-541.png","","Not fetched or visually verified; host unavailable. Confirm correct page, action, label, and eligible status before use."
"Q-545","How do I search for a role?","System Configuration > Account Management > Role Management","IMAGE CHECK NEEDED","https://printernoble.com/chatbot/uploads/1788407566_WERP_Q-545.png","","Not fetched or visually verified; host unavailable. Confirm correct page, action, label, and eligible status before use."
"Q-546","How does role pagination work?","System Configuration > Account Management > Role Management","IMAGE CHECK NEEDED","https://printernoble.com/chatbot/uploads/1788407567_WERP_Q-546.png","","Not fetched or visually verified; host unavailable. Confirm correct page, action, label, and eligible status before use."
"Q-551","How do I open the Upgrade Plan page?","Pricing > Purchase subscription","IMAGE CHECK NEEDED","https://printernoble.com/chatbot/uploads/1788407568_WERP_Q-551.png","","Not fetched or visually verified; host unavailable. Confirm correct page, action, label, and eligible status before use."
"Q-554","Does viewing the pricing page change the subscription?","Pricing > Purchase subscription","IMAGE CHECK NEEDED","https://printernoble.com/chatbot/uploads/1788407569_WERP_Q-554.png","","Not fetched or visually verified; host unavailable. Confirm correct page, action, label, and eligible status before use."
"Q-557","Which platforms are supported on this page?","Pricing > Purchase subscription","IMAGE CHECK NEEDED","https://printernoble.com/chatbot/uploads/1788407570_WERP_Q-557.png","","Not fetched or visually verified; host unavailable. Confirm correct page, action, label, and eligible status before use."
"Q-559","Why are store checkboxes disabled?","Pricing > Purchase subscription","IMAGE CHECK NEEDED","https://printernoble.com/chatbot/uploads/1788407571_WERP_Q-559.png","","Not fetched or visually verified; host unavailable. Confirm correct page, action, label, and eligible status before use."
"Q-574","Why is the Choose Plan button disabled?","Pricing > Purchase subscription","IMAGE CHECK NEEDED","https://printernoble.com/chatbot/uploads/1788407572_WERP_Q-574.png","","Not fetched or visually verified; host unavailable. Confirm correct page, action, label, and eligible status before use."
"Q-575","What does the Country selector do?","Pricing > Purchase subscription","IMAGE CHECK NEEDED","https://printernoble.com/chatbot/uploads/1788407573_WERP_Q-575.png","","Not fetched or visually verified; host unavailable. Confirm correct page, action, label, and eligible status before use."
"Q-579","What does the Currency selector do?","Pricing > Purchase subscription","IMAGE CHECK NEEDED","https://printernoble.com/chatbot/uploads/1788407574_WERP_Q-579.png","","Not fetched or visually verified; host unavailable. Confirm correct page, action, label, and eligible status before use."
"Q-583","Should country and currency match?","Pricing > Purchase subscription","IMAGE CHECK NEEDED","https://printernoble.com/chatbot/uploads/1788407575_WERP_Q-583.png","","Not fetched or visually verified; host unavailable. Confirm correct page, action, label, and eligible status before use."
"Q-585","Which plans are available?","Pricing > Purchase subscription","IMAGE CHECK NEEDED","https://printernoble.com/chatbot/uploads/1788407576_WERP_Q-585.png","","Not fetched or visually verified; host unavailable. Confirm correct page, action, label, and eligible status before use."
"Q-586","What is the Basic plan?","Pricing > Purchase subscription","IMAGE CHECK NEEDED","https://printernoble.com/chatbot/uploads/1788407577_WERP_Q-586.png","","Not fetched or visually verified; host unavailable. Confirm correct page, action, label, and eligible status before use."
"Q-587","What is the Standard plan?","Pricing > Purchase subscription","IMAGE CHECK NEEDED","https://printernoble.com/chatbot/uploads/1788407578_WERP_Q-587.png","","Not fetched or visually verified; host unavailable. Confirm correct page, action, label, and eligible status before use."
"Q-588","What is the Pro plan?","Pricing > Purchase subscription","IMAGE CHECK NEEDED","https://printernoble.com/chatbot/uploads/1788407579_WERP_Q-588.png","","Not fetched or visually verified; host unavailable. Confirm correct page, action, label, and eligible status before use."
"Q-589","What is the Ultimate plan?","Pricing > Purchase subscription","IMAGE CHECK NEEDED","https://printernoble.com/chatbot/uploads/1788407580_WERP_Q-589.png","","Not fetched or visually verified; host unavailable. Confirm correct page, action, label, and eligible status before use."
"Q-780","What does Confirm Received do?","Top-right account menu > My gift","IMAGE CHECK NEEDED","https://printernoble.com/chatbot/uploads/1788407581_WERP_Q-780.png","","Not fetched or visually verified; host unavailable. Confirm correct page, action, label, and eligible status before use."
"Q-799","How do I contact support from Warehouse ERP?","Contact","IMAGE CHECK NEEDED","https://printernoble.com/chatbot/uploads/1788779059_b4a0f57ed1f63e16e69585a085b6aae6.png","","Not fetched or visually verified; host unavailable. Confirm correct page, action, label, and eligible status before use."
"Q-801","I cannot log in. What should I check first?","Log In","IMAGE CHECK NEEDED; IMAGE LINE CLEANUP","https://printernoble.com/chatbot/uploads/1788779147_5c864af3-24c6-43a5-abde-81c19bb1e771.png","Blank hyperlink text points to https://printernoble.com/chatbot/uploads/1788407581_WERP_Q-780.png","Not fetched or visually verified; host unavailable. Confirm correct page, action, label, and eligible status before use."
"Q-801","I cannot log in. What should I check first?","Log In","IMAGE CHECK NEEDED; IMAGE LINE CLEANUP","https://printernoble.com/chatbot/uploads/1788407581_WERP_Q-780.png","Blank hyperlink text points to https://printernoble.com/chatbot/uploads/1788407581_WERP_Q-780.png","Not fetched or visually verified; host unavailable. Confirm correct page, action, label, and eligible status before use."
"Q-819","How do I create a Manual Order without booking a courier?","Order Management > Manual Order","IMAGE NEEDED","","Add Manual Order form showing Create Without Courier and its confirmation, with test or masked customer details.","Capture on hosted site with personal details masked; then insert a public URL under the answer."
"Q-820","How do I submit a Manual Order to EasyParcel?","Order Management > Manual Order","IMAGE NEEDED","","Courier Rates selection and Confirm courier booking? dialog showing the stock and wallet summary.","Capture on hosted site with personal details masked; then insert a public URL under the answer."
"Q-824","Where are PWB again and Open Waybill in Manual Order?","Order Management > Manual Order","IMAGE CHECK NEEDED; IMAGE LINE CLEANUP","https://printernoble.com/chatbot/uploads/1788779196_3fc4c443-5112-47a3-86ec-3071014d6330.png","Blank hyperlink text points to https://printernoble.com/chatbot/uploads/1788407581_WERP_Q-780.png | Blank hyperlink text points to https://printernoble.com/chatbot/uploads/1788779196_3fc4c443-5112-47a3-86ec-3071014d6330.png","Not fetched or visually verified; host unavailable. Confirm correct page, action, label, and eligible status before use."
"Q-824","Where are PWB again and Open Waybill in Manual Order?","Order Management > Manual Order","IMAGE CHECK NEEDED; IMAGE LINE CLEANUP","https://printernoble.com/chatbot/uploads/1788407581_WERP_Q-780.png","Blank hyperlink text points to https://printernoble.com/chatbot/uploads/1788407581_WERP_Q-780.png | Blank hyperlink text points to https://printernoble.com/chatbot/uploads/1788779196_3fc4c443-5112-47a3-86ec-3071014d6330.png","Not fetched or visually verified; host unavailable. Confirm correct page, action, label, and eligible status before use."
"Q-826","Where is Refresh in Manual Order, and what does it do?","Order Management > Manual Order","IMAGE CHECK NEEDED; IMAGE LINE CLEANUP","https://printernoble.com/chatbot/uploads/1788779249_0d4998b1-b6d3-43ef-b4e5-0ba0611dceb3.png","Blank hyperlink text points to https://printernoble.com/chatbot/uploads/1788407581_WERP_Q-780.png","Not fetched or visually verified; host unavailable. Confirm correct page, action, label, and eligible status before use."
"Q-826","Where is Refresh in Manual Order, and what does it do?","Order Management > Manual Order","IMAGE CHECK NEEDED; IMAGE LINE CLEANUP","https://printernoble.com/chatbot/uploads/1788407581_WERP_Q-780.png","Blank hyperlink text points to https://printernoble.com/chatbot/uploads/1788407581_WERP_Q-780.png","Not fetched or visually verified; host unavailable. Confirm correct page, action, label, and eligible status before use."
"Q-826","Where is Refresh in Manual Order, and what does it do?","Order Management > Manual Order","IMAGE NEEDED","","Manual Order List with an eligible row's three-dot Action menu open and Refresh visible. Mask the receiver and tracking details.","Capture on hosted site with personal details masked; then insert a public URL under the answer."
"Q-846","How do I find an answer in Help Center?","Help Center","IMAGE NEEDED","","Help Center with the search field and an expanded answer visible.","Capture on hosted site with personal details masked; then insert a public URL under the answer."
"Q-855","How do I prepare a file for Add Product via Template?","Product Management > Product List","IMAGE NEEDED","","Add Products menu and template-upload dialog with the warehouse selector visible.","Capture on hosted site with personal details masked; then insert a public URL under the answer."
"Q-865","How do I correct Quantity and Lock Quantity?","Inventory Management > Inventory List","IMAGE NEEDED","","Edit Inventory and Confirm Inventory Update dialogs with masked test SKU data.","Capture on hosted site with personal details masked; then insert a public URL under the answer."
"Q-871","How do I receive fewer items than the inbound order expected?","Inventory Management > Inbound","IMAGE NEEDED","","Inbound Receive dialog showing expected quantity, actual quantity, discrepancy, and Notes.","Capture on hosted site with personal details masked; then insert a public URL under the answer."
"Q-887","What is Shipping Wallet used for?","Order Management > Manual Order","IMAGE NEEDED","","Add Manual Order > Payment Information showing Shipping Wallet and Selected courier charge, with the balance masked if needed.","Capture on hosted site with personal details masked; then insert a public URL under the answer."
"Q-891","How do I add tracking information after creating an order without courier?","Order Management > Manual Order","IMAGE NEEDED","","Self-arranged Manual Order Action menu and Update Delivery Information dialog, with customer information hidden.","Capture on hosted site with personal details masked; then insert a public URL under the answer."
"Q-911","Does Receive Gift mean I am confirming that the parcel arrived?","Top-right account menu > My gift","IMAGE NEEDED","","Two separately labelled views: gift address form with Receive Gift, and Delivered gift with Confirm Received. Hide all personal address data.","Capture on hosted site with personal details masked; then insert a public URL under the answer."
